rsachsgmu,user0
R2D2mah,user1
uvmmathstats,user2
malagonmath,user3
LisaSkultety,user4
JohannaF_math,user5
arretsurimages,user6
siwelwerd,user7
HigherGeometer,user8
ClaudioJacobo,user9
JointMath,user10
KJMDPhD,user11
MaggitaCampos,user12
FedericoArdila,user13
ESMathTeacher,user14
QuantumP7,user15
ChengSoonOng,user16
EWhitteck,user17
ilaba,user18
qubeshub,user19
rdomagalski,user20
drbehardisty,user21
York_CDM,user22
1Biotensegrity,user23
Cal_Q_L8,user24
StatsSam,user25
ipnosimmia,user26
VRiveraQPhD,user27
PhilChodrow,user28
sunstoneUU,user29
jen_loescher,user30
con_nect_ed,user31
vianey_lb,user32
NeedhiBhalla,user33
BmcChem,user34
thewordni,user35
pwr2dppl,user36
jmm2021,user37
F,user38
dbdoughe,user39
CompStatsGeom,user40
OSUSocStEd,user41
roger_mansuy,user42
washcoll,user43
ptwiddle,user44
numberdance,user45
rich_homie_kuan,user46
redneurons,user47
maanow,user48
eterEphemeral,user49
ProfNoodlearms,user50
Miles_Ott,user51
bearboyf,user52
f_futamura,user53
RubenAMartinezA,user54
QED_nerds,user55
CardColm,user56
drbellatobin,user57
BarbaraJaneGunn,user58
ef_math,user59
jackrsturm,user60
MaliciousNoise,user61
Methemedantics,user62
geonz,user63
XenaProject,user64
nchipps,user65
PoonehSabouri,user66
logicians,user67
libbyk_,user68
swirlgirl31415,user69
monsoon0,user70
davewripley,user71
MaraStone2016,user72
tealismaking,user73
blviray,user74
sbagley,user75
VictorPiercey1,user76
Zoe_MM,user77
MarissaKawehi,user78
RyneVanK,user79
twonth,user80
joshlaison,user81
joshuazucker,user82
Lob,user83
BenisConsumer,user84
AJ72826261,user85
AlbertTLunde,user86
mayli,user87
emilyriehl,user88
mnemognose,user89
EmilyTWinn13,user90
ArcheyDawn,user91
ComplexWales,user92
ilana_horn,user93
MBarany,user94
twistor,user95
mathyawp,user96
kellydholstine,user97
ecology_chris,user98
GaryAdolphson,user99
DrHenryGarrett,user100
AWMmath,user101
LoboWithACause,user102
NanehApkarian,user103
kenandoesmath,user104
Marki_MD,user105
evainfeld,user106
swirlgirl3,user107
aksir,user108
RomanMathquez,user109
howe,user110
extremefriday,user111
RG1gal,user112
ctheobarker,user113
mathbabedotorg,user114
NepantlaTC,user115
mahrudsay,user116
bat_scholar,user117
sleepymathgrl,user118
ash_wee_k,user119
wokewahlberg,user120
robinelgenubi,user121
mathvsoldage,user122
vacuou5ly_tru3,user123
realUNIVfrance,user124
BresockCalculus,user125
sophgermain,user126
JoannaWares,user127
kneppkatt,user128
BikeMath,user129
diazlopezmath,user130
JustJules2,user131
USpeaks,user132
daveinstpaul,user133
dagan_karp,user134
jajensen681,user135
BarbaraFantechi,user136
MrFink314,user137
j_lanier,user138
MathmoClaire,user139
mathhombre,user140
saracharala,user141
evelynjlamb,user142
benjamindickman,user143
AmstatNews,user144
cordesm,user145
HZinnbrooks,user146
rmathematicus,user147
matthewando,user148
dropoutnation,user149
QCohBeef,user150
xanderfaber,user151
DingleTeach,user152
qsideinstitute,user153
Vaguery,user154
mariss_spear7,user155
DrWanderingPoint,user156
nancyekress,user157
CKalinecCraig,user158
shivfesta,user159
mathillustrated,user160
EllisMathEd,user161
GizemKaraali_,user162
anna_c_nelson,user163
noellebeckman,user164
SoledadVillar5,user165
notnotneil,user166
jacksonmorris_,user167
Lo,user168
sandi_clement,user169
drspoulsen,user170
Moni_deni,user171
WanderingPoint,user172
amermathsoc,user173
ThembaletuMbang,user174
JasonWilliamsNY,user175
thecaligarmo,user176
virtualcourtney,user177
Thalesdisciple,user178
rhondajohughes,user179
vindas_melendez,user180
gleuschk,user181
kmkinnaird,user182
XCatepillan,user183
blkmathmagic,user184
tritesprite,user185
jacksonfulton2,user186
anitochdz,user187
eringriffin003,user188
ruha9,user189
DrBrandyMath,user190
SwipeWright,user191
kellyyyruth,user192
thebasepoint,user193
katemath,user194
RicciFlat,user195
Atabey_Kaygun,user196
amer,user197
ryanprior,user198
sajinkoroth,user199
trans_versality,user200
jennalaib,user201
callin_bull,user202
davidwees,user203
RobEbymathdude,user204
DrMRLD,user205
vanessaarceliaa,user206
sister_stem,user207
ccshan,user208
LogPhilosophica,user209
Laelia_Ve,user210
jensilvermath,user211
thewordninja_bk,user212
JoFerMedina,user213
DeirdreM10,user214
WolverKeith,user215
fra_berni,user216
dtkung,user217
Sam71244027,user218
topolojack,user219
AnnClifton9,user220
LauraVHawkins,user221
frontLahn,user222
teachnext_tmb,user223
superyarn,user224
paultpearson,user225
jrlookingbill,user226
ResearchWrigley,user227
AuroraBirdialis,user228
RissaChem,user229
RachelleDeCoste,user230
41mikes,user231
AbsurdistPedant,user232
dana_neidinger,user233
mathdr91,user234
gitanjalivi,user235
KristinLauter,user236
Audrey_Mendivil,user237
Acertaintom,user238
achambertloir,user239
SherlockpHolmes,user240
ArisWinger,user241
BarbaraFantec,user242
belladoesmath,user243
timhsuSF,user244
mathzorro,user245
matthematician,user246
JookieTookie,user247
CeritDr,user248
hannahfenster93,user249
mathyadriana,user250
KyJMD,user251
eyescientific,user252
darrenglass,user253
Shelby_M_Scott,user254
Category_Fury,user255
mZargham,user256
MattBoelkins,user257
vanessainstem,user258
SuzanneSindi,user259
G2Campbell,user260
DrClaireJanelle,user261
MitchKeller,user262
holom0rph,user263
ssnewbery,user264
heidifessenden,user265
mathprofcarrie,user266
SJMathematics,user267
quaternion_j,user268
wizard2048,user269
suburbanlion,user270
DrBKirkpatrick,user271
AlBell42017,user272
CengageLearning,user273
karikokka,user274
JeffGraham15,user275
MerGreer,user276
Mathy_Jessica,user277
Doc_Kat,user278
youngstownstate,user279
GuldenKarakok,user280
matienda,user281
BillOpenmind,user282
jessalynalyn,user283
AliciaPL25,user284
mrweathers,user285
sarah_bockting,user286
AbelOtuya,user287
mathemactivist,user288
AlexPHoover,user289
MathTeacherJH,user290
AlexGalarce,user291
_pjames_,user292
AlexandraBerke,user293
lpachter,user294
NalinPithwa,user295
MsFnstlua,user296
ChristianJaeh,user297
samjshah2,user298
samit_dasgupta,user299
todosmath,user300
joshuagrochow,user301
mathcourtney,user302
jasonemiller,user303
fraarici,user304
Trianglemancsd,user305
weinburd,user306
KristinePelatt,user307
xl772,user308
askmrsmartinez,user309
kim_yoak,user310
FolaAgusto,user311
JessieLenarz,user312
drjamesalvarez,user313
MiraWaddle,user314
MrLeiss,user315
declan_hoare,user316
DLeslieLancs,user317
nwrmbing,user318
mostnerdy,user319
annakmil,user320
aboufade,user321
karin_leiderman,user322
kay314159,user323
algebrandis,user324
bmgilland,user325
Cayleygrapher,user326
mmcdermo,user327
susmcgowan,user328
BrandauerJ,user329
DrErikaBullock,user330
GoodsiePhD,user331
FidgeyB,user332
valeriadepaiva,user333
teehee_sarah,user334
NMPinonCoffee,user335
mathematigal,user336
susan_dagostino,user337
YouTube,user338
loumatthewslive,user339
morvjn,user340
maryepilgrim,user341
cjp_still,user342
CecileMichaut,user343
HaydeeLindo,user344
Shugars,user345
abbaskins,user346
PamHarris1128,user347
EdsiNetwork,user348
TyLKelly,user349
KamerynJW,user350
alexyarosh,user351
A,user352
awmadvance,user353
GailHWebster,user354
HthrLynnJ,user355
priyam886,user356
elizabethmunch,user357
duanecoop,user358
MathDeptUTK,user359
katebelin,user360
PatternAvoider,user361
topologybee,user362
Enchilaudanum,user363
victorerikray,user364
ErikaTCamacho,user365
NewBayes,user366
_pmkr,user367
ONUMathStat,user368
SineOutlook,user369
timchartier,user370
UNMLoboMBB,user371
paaiiigeee,user372
DamienSBS,user373
Morehouse,user374
arsuaga3,user375
mathmodeling,user376
MathAndCobb,user377
annarden,user378
astrojipjawej,user379
JadeMasterMath,user380
HeyHeresSteve,user381
